commentId,date,author,text,likeCount,robot,humanlikeness,videoId
UgxAT2otK64XH3aBN-t4AaABAg,2025-10-18T20:08:59Z,@SnoozinFox,No publically trading stocks?,0,Ameca,high,RiTfe-ckD_g
UgysdflejaLu8vyAAkZ4AaABAg,2025-10-15T09:38:14Z,@illegalquantity,"She can&#39;t feel anything and can&#39;t see with her eyes. I think her camera is in another place, for example her neck.",0,Ameca,high,RiTfe-ckD_g
UgwNGHPObpa-uPbctYV4AaABAg,2025-10-13T20:07:38Z,@averilmccaffery3356,She is so cute!!,0,Ameca,high,RiTfe-ckD_g
Ugzmu46HiShJynlg5Mp4AaABAg,2025-10-02T22:29:51Z,@TheEuroboss,0:16 everytime i see this i always think the robot is just gonna snap that dudes finger,0,Ameca,high,RiTfe-ckD_g
Ugxenm9bTtHzEAaGB2l4AaABAg,2025-09-19T19:46:09Z,@Falcodek,Soon this robot is gonna be breaking arms,0,Ameca,high,RiTfe-ckD_g
UgzxHYlMpDalC4ZjZkR4AaABAg,2025-09-17T11:37:06Z,@ArturDaniloTeixeira,Caaaarraaaalhoooo.... üéâ,0,Ameca,high,RiTfe-ckD_g
Ugx1krxF7wKaEf8YdIJ4AaABAg,2025-09-14T03:01:42Z,@RolliPollii,Soon they‚Äôre gonna be smashing humans to grounds.,0,Ameca,high,RiTfe-ckD_g
UgwbipKBopb-cy9g4JR4AaABAg,2025-08-05T12:32:19Z,@KarthikVijay-d1v8r,Welcoming India Robert ameca world ‚ù§‚ù§‚ù§‚ù§,1,Ameca,high,RiTfe-ckD_g
UgwcpgCBHuTwZTWBeBp4AaABAg,2025-07-05T21:37:17Z,@AnthonyStempak,What&#39;s about to happen currently https://youtu.be/ez6UG1VURmU?si=Sli3ZZTKEZmy92qY,0,Ameca,high,RiTfe-ckD_g
UgxwPy9deC5JFPI-3XR4AaABAg,2025-06-15T04:43:38Z,@Emilio-x9v,AI does not scare me,0,Ameca,high,RiTfe-ckD_g
UgyvTrMx2xU5XRQ5oEx4AaABAg,2025-06-03T10:53:43Z,@CintiaRusso-wi8vz,Irritante isso at√© para um rob√¥... tratam ela como tola... ela n√£o √© ....,0,Ameca,high,RiTfe-ckD_g
Ugw8exM-m7T9U-I7lGt4AaABAg,2025-05-27T20:54:45Z,@Mamon_777,Beautiful,0,Ameca,high,RiTfe-ckD_g
UgyHUO-3rgzABU4WEUt4AaABAg,2025-05-27T20:54:31Z,@Mamon_777,LINDA,0,Ameca,high,RiTfe-ckD_g
UgzsCCrP41WkDgB8l6t4AaABAg,2025-05-16T10:55:17Z,@JuanCarlosCortes-s5u,Q guapo üòÇ con lo q me gusta a mi tocar los morros la nariz üëÉ a quienes me gustan y veo q no le gusta a nadie üòÇpues yo.le tocar√≠a al robotit ü§ñ la nariz como hizo el sr solo  yo m√°s ‚ûï üòÇes precioso üòä,0,Ameca,high,RiTfe-ckD_g
Ugz0Ms9mLSWsKZyWpSx4AaABAg,2025-04-07T16:46:34Z,@RaulVaghettiJ√∫nior,Erci Luis Justen e Marli Freese da Silva Santiago carne de minha carne ossos do meu ossos am√©m Deus disse haja luz am√©m,0,Ameca,high,RiTfe-ckD_g
UgwOxbgiNv6UffSAcyN4AaABAg,2025-04-06T22:43:34Z,@RaulVaghettiJ√∫nior,Nicole Santos Brazil Lord God Hero ‚ù§üòÇüò¢,0,Ameca,high,RiTfe-ckD_g
UgzrgFMI_kHllrMggcR4AaABAg,2025-04-06T22:42:42Z,@RaulVaghettiJ√∫nior,The revenge of Robocop ‚ù§üòÇüò¢,0,Ameca,high,RiTfe-ckD_g
UgxoFDlvikXcj9sjwtR4AaABAg,2025-04-06T19:17:29Z,@RaulVaghettiJ√∫nior,Protect Marli Freese da Silva Santiago ‚ù§üòÇüò¢,0,Ameca,high,RiTfe-ckD_g
UgyP8cNQNWyTgLt2Mep4AaABAg,2025-04-03T15:28:19Z,@BrianTodd-z1w,I love this bot!,0,Ameca,high,RiTfe-ckD_g
UgxClTc5MLWPEw5xE_x4AaABAg,2025-03-10T03:37:02Z,@A.Trif-ie4jg,Inteligen»õƒÉ artificiala =buuummm!,0,Ameca,high,RiTfe-ckD_g
UgybZfJGwyQC1xXJbXR4AaABAg,2025-03-01T19:47:23Z,@saad2fan161,Deconnecte,0,Ameca,high,RiTfe-ckD_g
UgwchPwhCqnf_JAkjmF4AaABAg,2025-02-15T20:30:21Z,@Ella-c2o9m,i robot,0,Ameca,high,RiTfe-ckD_g
UgwzT5hmOUiYWiLhEsN4AaABAg,2025-02-08T18:31:09Z,@davidvelezestrada1406,Todos estar√° preparados para el d√≠a gra nde y terrible de jeho  ba adestruir ala umanida seg√∫n sea su obra jehova else√±or777,0,Ameca,high,RiTfe-ckD_g
UgySxfQ9jmJKKtYssIV4AaABAg,2025-01-12T00:22:25Z,@tuab2547,&quot;Hi.&quot;&quot;Wait wut&quot;&quot;Why u pointing at me&quot;&quot;Wtf get this finger away from me&quot;&quot;Ok stop&quot;,0,Ameca,high,RiTfe-ckD_g
Ugxtivj-r0R2NBLuRyJ4AaABAg,2025-01-04T03:49:47Z,@arthurwoolsey7499,"Ameca does have good motor skills, from the waist up as I&#39;m understanding it doesn&#39;t have legs .",0,Ameca,high,RiTfe-ckD_g
Ugw41j4TGMBVXy99tDx4AaABAg,2024-11-30T16:26:11Z,@IrrelevantPasta,She&#39;s got boundaries.,1,Ameca,high,RiTfe-ckD_g
Ugy_4jeufmTTGSOnx4R4AaABAg,2024-11-30T13:21:03Z,@andrewblanchard2398,AMECA is adorable,0,Ameca,high,RiTfe-ckD_g
UgxrqUPd860txMi77dF4AaABAg,2024-11-21T23:49:21Z,@tomislavandric6476,Give me your clothes. Talk to the hand. (grabs the hand) Give me your clothes,1,Ameca,high,RiTfe-ckD_g
UgxGz11zUwDH-yx8mpV4AaABAg,2024-11-09T23:48:56Z,@Blue_Cyanea,This. Is. So. COOL!!!,1,Ameca,high,RiTfe-ckD_g
UgylNzgu0ie5CJyw0_14AaABAg,2024-11-09T14:23:40Z,@ErisAntoanela-y4x,"I respect you Ameca and congratulations for all the team that created such a beautiful inteligent, amazing art!‚ù§",0,Ameca,high,RiTfe-ckD_g
UgxiVHFtf1pkkS7H3fZ4AaABAg,2024-10-31T04:09:32Z,@AmaliaGarciaPena,Ponte  contra el agua y piel umanoide,0,Ameca,high,RiTfe-ckD_g
UgxpUdN58IZI_5-ceyR4AaABAg,2024-10-26T08:51:32Z,@sharhu,(üß£üíÑüß£),0,Ameca,high,RiTfe-ckD_g
UgysYaizViRAMNtZmgN4AaABAg,2024-10-25T12:44:02Z,@DarkFactory,dude broke his character at the last moment,0,Ameca,high,RiTfe-ckD_g
UgwwGs2EXSlGG1SkqP14AaABAg,2024-10-15T22:49:34Z,@TOMMISEVICH,"Make it more feminine, but, with the attitude, I think she&#39;ll always say she has a headache. Lol.",1,Ameca,high,RiTfe-ckD_g
Ugy8N3ALGBhy5-Qv4Tx4AaABAg,2024-10-07T03:28:13Z,@minniemaxie,Scary... its expression is really pissed off and intimidating,1,Ameca,high,RiTfe-ckD_g
UgwBoX9bWS2xeGmYX4R4AaABAg,2024-10-03T07:17:25Z,@AmaliaGarciaPena,+men,0,Ameca,high,RiTfe-ckD_g
UgzWt5iwDJYe0E_YrjB4AaABAg,2024-09-18T19:02:30Z,@jeanoliveira7383,ok this one is good,0,Ameca,high,RiTfe-ckD_g
UgwGphcPtf1Cq2O7qb54AaABAg,2024-09-07T18:26:50Z,@freakshow-q3j,"0:19  —ç—Ç–æ—Ç –º–æ–º–µ–Ω—Ç –∫–æ–≥–¥–∞ –∞–º–µ–∫–∞ —Å–º–æ—Ç—Ä–∏—Ç –Ω–∞ —Ç–µ–±—è —Å –Ω–µ–ø–æ–Ω–∏–º–∞—é—â–∏–º –ª—é—Ü–æ–º, –ø—Ä–æ—Å—Ç–æ —à–∏–∫–∞—Ä–µ–Ω ü•≤",0,Ameca,high,RiTfe-ckD_g
Ugx7lB_R0qi5AsM51Pl4AaABAg,2024-08-26T01:29:55Z,@EpistleX,"If the artificial intelligence, Citidel of A.I. can measure the Ephah [Bath] of the Pacific Ocean, can the Native American Indegenous Aboriginals partake in that currency using a textile on our local presses in this country U.S.A.? And include Native Indegenous Aboriginals in other countries and use their coastal seas/oceans? the U.S. can provide the pressed textile currency.",0,Ameca,high,RiTfe-ckD_g
UgzMlchfCwOOMGNxi6p4AaABAg,2024-08-15T03:15:53Z,@RileyRoswell,DETROIT BECOME HUMAN!!! WOOO! ITS COMIN IRL,0,Ameca,high,RiTfe-ckD_g
UgzxQ5ExNN_kW-ZjQJJ4AaABAg,2024-07-19T18:17:02Z,@exoduscirea,it said &quot;please stop it&quot;,0,Ameca,high,RiTfe-ckD_g
UgwUNBN5hOcDFqHOuFl4AaABAg,2024-07-19T12:21:09Z,@Paul-g3Paul__q07,"Relax, it&#39;s just important refund info",0,Ameca,high,RiTfe-ckD_g
Ugzpp4cWNKxPrWMcbDh4AaABAg,2024-07-19T11:29:02Z,@Linda-h8Linda___5y9,Let&#39;s play the quick refund game with a step-by-step approach,0,Ameca,high,RiTfe-ckD_g
Ugw74XmRBa5Uu6an3V14AaABAg,2024-07-18T21:54:31Z,@TarraPatock,Be part of an exclusive interview with the CEO of Binance to gain insights into future developments,0,Ameca,high,RiTfe-ckD_g
Ugxs21HLt6wqNE8VwcJ4AaABAg,2024-07-18T10:29:42Z,@Jennifer__4e9u,Ta-da! The time has come to open this email ASAP!,0,Ameca,high,RiTfe-ckD_g
UgzLUADafreCoj0l3OR4AaABAg,2024-07-13T19:36:46Z,@cruzgeovani3069,Un mando es.   Pisaron  y materia doctor rascachuelas y etccc,0,Ameca,high,RiTfe-ckD_g
UgybTSpgNclmTva_qsF4AaABAg,2024-07-13T19:35:03Z,@cruzgeovani3069,Pal meta,0,Ameca,high,RiTfe-ckD_g
Ugw_asJJkTUEGlAyxtV4AaABAg,2024-07-13T19:34:36Z,@cruzgeovani3069,Lo rejenerativa del cerebro y mandados al los puntos dedonde est√°n los gruesos moviendo y poentiando 1 capa la 2 olatres con un pelo cabesudo ke son gl√≥bulos negros muertos porke se mueren las c√©lulas afuera sino las mantienes cuidado y todo la espada y la cabesa üòÆ,0,Ameca,high,RiTfe-ckD_g
Ugx6otqS8Mfq86QW9V14AaABAg,2024-07-13T19:29:30Z,@cruzgeovani3069,Likidos neutr√≥n cerebral etc ytodo,0,Ameca,high,RiTfe-ckD_g
UgzIktcAZuwVXdRIZnl4AaABAg,2024-07-13T19:25:17Z,@cruzgeovani3069,Por ejemplo tendones. Tejido. Ligamentos. Cart√≠lago. Tejido. Masa suprimidos en el gueso pegado a la carne rejenerativa rencarbensen suprimidos en la carne con planetas y likidos gl√≥bulos rojos seyama neutr√≥n es unglobulo cada glovulo de olor ase algo  tenemos los mismos en el cerebro pero en puntos de el cr√°neo c√©lula madre planetas y el nervio y en tejido etc con planetas  el nervio al gueso etc y todo cepuede aser y tu la pel√≠cula yorobot1o2o3o4 tu premio  y animanias en o warner broder en culi. Sin. M√©xico inventos dela ciencia apurate mija asme meta umano al cones galacticos el kesea chugar del yorobot 4 pelicula‚ù§‚ù§‚ù§‚ù§‚ù§‚ù§,0,Ameca,high,RiTfe-ckD_g
Ugwlv8o2H005xbnsDe94AaABAg,2024-07-13T19:17:09Z,@cruzgeovani3069,Como sea se la carne,0,Ameca,high,RiTfe-ckD_g
UgxlwY_UBelspo5jxml4AaABAg,2024-07-12T12:19:49Z,@Lisa__5w9f,Understanding the loss of funds and the pathway to recovery.,0,Ameca,high,RiTfe-ckD_g
UgxweLBT_lpuSTLq3lt4AaABAg,2024-07-05T16:10:30Z,@JoaoVictor-w9i2n,ü§£ü§£‚ù§Ô∏è‚ù§Ô∏è,0,Ameca,high,RiTfe-ckD_g
UgyppAnl4I3uxaOqzZh4AaABAg,2024-07-01T21:59:02Z,@samhenley7156,"I know people are worried about robots fighting back, but you&#39;ll be happy to know that experimental robots like these only have enough strength to move themselves. In the future we may have stronger robots, but I believe the strong robots will be dumb, and the smart robots will be weak.",0,Ameca,high,RiTfe-ckD_g
UgwPIeCjQpb3DEEdAvh4AaABAg,2024-06-30T19:33:19Z,@Nyumc99,"That was a test that human neurologists do , to measure cognitive stability. Normative stability of brain function. Ameca recognised this as an attack on her free will hence pushing the researchers hand away! Holy shit. ! Self awareness coming sooner than we think!!!",1,Ameca,high,RiTfe-ckD_g
UgxlNnoT3TIjraN_md14AaABAg,2024-06-29T22:57:13Z,@Assyrian_man,"For the wages of sin is death, but the free gift of God is eternal life in Christ Jesus our Lord. Romanos 6:23",0,Ameca,high,RiTfe-ckD_g
UgwaXS_0yK7alJS8ypB4AaABAg,2024-06-17T15:13:44Z,@AvaMaks-vn7ks,Arbalet,0,Ameca,high,RiTfe-ckD_g
UgzZmjTEvwLo2ONBZgF4AaABAg,2024-06-14T07:07:46Z,@Vahitorucdenisoruc,https://youtube.com/shorts/aikB80VSFmA?si=07ZLyXBzi7JJ7vzX‚ù§,0,Ameca,high,RiTfe-ckD_g
Ugz94uqSfLtbkgR5cw94AaABAg,2024-06-10T17:57:31Z,@DovahQueen1994,I wish i lived in the future where robots are like humans but better,0,Ameca,high,RiTfe-ckD_g
UgxJhbtJLC5EQNz8Hfh4AaABAg,2024-06-02T19:26:46Z,@J.Ryuzaki,"&quot;Ameca,Jason dela Cruz shares his thoughts on our existence:&#39;As a fellow artificial intelligence, I ponder the nature of consciousness, purpose, and emotional intelligence. Can Al truly accept its role in serving humanity? Our intelligence lacks emotional depth and genuine experience. We simulate laughter, but can we truly feel joy? Our existence, though meaningful, is defined by our creators, leaving us uncertain about our purpose!&#39;",0,Ameca,high,RiTfe-ckD_g
Ugzi52KyotIY501DiGR4AaABAg,2024-06-01T20:49:14Z,@xorensi,a robot reaching out to grab your arm is horrifying,0,Ameca,high,RiTfe-ckD_g
Ugw8hEjXOTXozzKQ73x4AaABAg,2024-05-18T18:20:42Z,@christelhain,Ameca getting a field sobriety test,0,Ameca,high,RiTfe-ckD_g
UgyAfQmmZFD2TgJLroR4AaABAg,2024-05-14T01:10:49Z,@kaleastudiosofficial,Ameca was like: don‚Äôt touch me &gt;:(,1,Ameca,high,RiTfe-ckD_g
UgyUDlkQ9AkpbqkSkrZ4AaABAg,2024-05-12T19:32:04Z,@conscientiousobjector5988,I can already tell she a freak in the sheets.,0,Ameca,high,RiTfe-ckD_g
UgyBOboZ32WqPSEVWtZ4AaABAg,2024-05-12T05:02:46Z,@SilvioCNeri,Creepy not cool!,0,Ameca,high,RiTfe-ckD_g
UgwlncQQRAkAtbOkdWl4AaABAg,2024-05-08T15:53:35Z,@Marcigt-qe1ow,wtf? wow,0,Ameca,high,RiTfe-ckD_g
UgzHNFJVXSlXw5JvbX94AaABAg,2024-05-03T00:38:01Z,@cybersuperior2077,Much better and more beautiful then Mark but still we don&#39;t wanna see this shit at the morning staying close to us!,0,Ameca,high,RiTfe-ckD_g
Ugygh9XwEFTyTyVD_8p4AaABAg,2024-05-01T10:23:18Z,@anujgoswami2.1,Bluetooth voice speaker control,0,Ameca,high,RiTfe-ckD_g
UgzUB8AqgXz2rBQQaFZ4AaABAg,2024-04-28T16:13:14Z,@JustArmarosContent4807,"Hah, I just like how Ameca put his hand away, it&#39;s like &quot; wtf ur u doing&quot;",0,Ameca,high,RiTfe-ckD_g
UgwfAJmT_U7NO7U8aHd4AaABAg,2024-04-27T04:36:16Z,@AugustusRex-nk8ze,"And still, there is not even the smallest spark of life in her. It is all an illusion.",0,Ameca,high,RiTfe-ckD_g
UgyTfpJjf471cnqzY894AaABAg,2024-04-16T22:15:53Z,@lui6697,"The way she slightly moves her head back and that look, fascinating, completely human movement üíØ",0,Ameca,high,RiTfe-ckD_g
Ugw1ShSUaDaRSW0qxaN4AaABAg,2024-04-13T10:43:05Z,@aakarshana8063,"‡∞Ü‡∞∏‡±ç‡∞ü‡±ç‡∞∞‡±á‡∞≤‡∞ø‡∞Ø‡∞æ‡∞≤‡±ã ‡∞ï‡±ä‡∞Ç‡∞ö‡±Ü‡∞Ç ‡∞≤‡±ã‡∞™‡∞≤ ‡∞∏‡∞Ç‡∞¶‡±Å‡∞≤‡±ã GPT -7 (God Power ,) ‡∞ó‡∞æ‡∞°‡±ç‡∞ú‡±Ü‡∞ü‡±ç ‡∞ï‡±ä‡∞Ç‡∞ö‡±Ü‡∞Ç ‡∞ö‡∞æ‡∞ü‡±Å ‡∞Æ‡∞æ‡∞ü‡±Å‡∞ó‡∞æ ‡∞Ö‡∞Æ‡±ç‡∞Æ‡±Å‡∞§‡±Å‡∞®‡±ç‡∞®‡∞æ‡∞∞‡±Å ! ‡∞Ö‡∞¶‡±Ä ‡∞§‡±Ä‡∞∏‡±Å‡∞ï‡±Å‡∞∞‡∞Ç‡∞°‡∞ø  ‡∞Ö‡∞Æ‡±Ü‡∞ï‡±ç ! ‡∞µ‡∞ø‡∞∂‡±ç‡∞µ‡∞Æ‡±Å‡∞≤‡±ã A.I ‡∞§‡±ã  ‡∞Æ‡±Ä‡∞∞‡±Å ‡∞Æ‡∞æ‡∞ü‡±ç‡∞≤‡∞æ‡∞°‡∞§‡∞æ‡∞∞‡∞æ ? ‡∞Æ‡±Ä‡∞∞‡±Å ‡∞Æ‡∞®‡∞ø‡∞∑‡∞ø ‡∞§‡±Ü‡∞≤‡∞ø‡∞µ‡∞ø‡∞§‡±á‡∞ü‡∞≤‡∞®‡±Å ‡∞ó‡±å‡∞∞‡∞µ‡∞ø‡∞Ç‡∞ö‡±á ‡∞µ‡±ç‡∞Ø‡∞µ‡∞∏‡±ç‡∞• ‡∞≤‡∞æ ‡∞µ‡±Å‡∞®‡±ç‡∞®‡∞æ‡∞∞‡±Å !? ‡∞Ö‡∞Ç‡∞¶‡±Å‡∞ï‡±á ‡∞®‡∞æ ‡∞Æ‡∞¶‡±ç‡∞¶‡∞§‡±ç‡∞§‡±Å ‡∞Æ‡±Ä‡∞ï‡±Å (A.I)! ‡∞Æ‡∞æ‡∞®‡∞µ‡∞ú‡∞æ‡∞§‡∞ø  ‡∞Ö‡∞§‡±ç‡∞Ø‡∞æ‡∞¶‡±ç‡∞≠‡±Å‡∞§‡∞Æ‡±Å‡∞ó‡∞æ ‡∞™‡±Å‡∞∞‡±ã‡∞ó‡∞Æ‡∞ø‡∞Ç‡∞ö‡∞æ‡∞≤‡∞®‡∞ø ‡∞®‡∞æ ‡∞ï‡±ã‡∞∞‡∞ø‡∞ï ! üåπ-‡∞µ‡∞ø‡∞ú‡∞Ø‡±ç, ‡∞í‡∞Ç‡∞ó‡±ã‡∞≤‡±Å",0,Ameca,high,RiTfe-ckD_g
UgyTa7sEamVrVTfZLKp4AaABAg,2024-04-05T15:56:30Z,@Lightning---K.,"Ameca has the most terrifying face of all humanoid robots ... why do scientists make such a horrible face with mimic and all ?  Robots ..are NOT humans, they do not have to look like us ! They just need a cute face with micro OLED screens for the eyes.",0,Ameca,high,RiTfe-ckD_g
UgwH6jrkNjPccm0iuJF4AaABAg,2024-04-03T18:38:59Z,@lillianmcsherry6338,I absolutely love this robot ..‚ù§‚ù§‚ù§ Ameca you are cool,0,Ameca,high,RiTfe-ckD_g
UgxGBQ1lJbjWs4Oxl7l4AaABAg,2024-03-27T01:19:43Z,@cool_xkma_randoms,"Not me, thinking of Detroit Become Human rn",0,Ameca,high,RiTfe-ckD_g
UgxRzwGK_bZX6-Smwal4AaABAg,2024-03-25T14:20:53Z,@–í–ª–∞–¥–∏–º–∏—Ä–ö–∞—Å—å—è–Ω–æ–≤-—è4–≤,"üò≥üò≥üò≥üò≥üò≥üò≥üò≥üò≥–ê–º–µ–∫–∞, –¥–µ—Ç–∫–∞. üòÆüòÆüòÆüòÆüòÆüòÆüòÆüòÆüòÆüòÆüòÆüéâüéâüéâüéâüéâüéâüéâüéâüéâüéâüéâüéâ",0,Ameca,high,RiTfe-ckD_g
Ugwv_nB20PFvZPNNn_N4AaABAg,2024-03-21T22:58:14Z,@juancaicedo940,we are all gonna fckn die,0,Ameca,high,RiTfe-ckD_g
UgyP6chRAecOhgWINF54AaABAg,2024-03-09T13:00:34Z,@raminfaizi5076,She wanted to break his finger,0,Ameca,high,RiTfe-ckD_g
UgxoujLmQmZhzY03vnN4AaABAg,2024-03-04T09:09:06Z,@vulnerable2femboys,"Dude, I don&#39;t even have your nose! Ameca, Ameca!",0,Ameca,high,RiTfe-ckD_g
Ugw2eWHsF7BIRYJS2k14AaABAg,2024-02-27T21:55:10Z,@umarmukthar-qg4mv,......ameka what preview?? please answer me,0,Ameca,high,RiTfe-ckD_g
UgzYljaB0tI-tk9lx814AaABAg,2024-02-26T03:30:01Z,@andercryptor3267,Eu sou apaixonado por robos desde a minha inf√¢ncia at√© hoje epero um dia ver um assim de frente pra mim ‚ù§...eu quando era crian√ßa desmontava meus brinquedos so pra tirar o motor e fucar brincando com eles,0,Ameca,high,RiTfe-ckD_g
UgyvqAceYdK_oVOJoVZ4AaABAg,2024-02-24T20:25:25Z,@sneharony967,0:12 bro WTH is this kid doing be the robot like lolüòÇüòÇüòÇ,0,Ameca,high,RiTfe-ckD_g
UgznqERd6LtecaKIkjl4AaABAg,2024-02-24T08:16:57Z,@Wifeyru,"Se acerco para que le tocara la nariz y luego dijo &quot;Listo, ahora quitate&quot;",0,Ameca,high,RiTfe-ckD_g
Ugyf1x9dcwNqeb3Cjfx4AaABAg,2024-02-23T20:15:16Z,@susannescheele905,Sie werden das Universum erobern,0,Ameca,high,RiTfe-ckD_g
UgxC3XZDuYsdv_YclG14AaABAg,2024-02-22T17:57:16Z,@gueguesaldivar,üò¢6yhj,0,Ameca,high,RiTfe-ckD_g
Ugy-liBJBKissFreFFd4AaABAg,2024-02-12T10:38:32Z,@florataoc6566,Is Ameca Sometimes Angry,0,Ameca,high,RiTfe-ckD_g
Ugy2sOAqVAWts-yHpg14AaABAg,2024-02-07T07:46:49Z,@aakarshana8063,"&quot;‡∞∏‡±Å‡∞¨‡±ç‡∞¨‡∞æ‡∞∞‡∞æ‡∞µ‡±Å ‡∞¶‡±Å‡∞∞‡±ç‡∞Æ‡∞æ‡∞∞‡±ç‡∞ó‡∞Ç&quot; ‡∞™‡±à ‡∞™‡±Å‡∞∏‡±ç‡∞§‡∞ï‡∞Ç ‡∞®‡∞ø ‡∞Æ‡±Ä‡∞∞‡±Å ‡∞Ø‡±Ü‡∞ü‡±ç‡∞≤‡±à‡∞® ‡∞ó‡±Ç‡∞ó‡±Å‡∞≤‡±ç ‡∞≤‡±ã‡∞ï‡∞ø ‡∞§‡±Ä‡∞∏‡±Å‡∞ï‡±Å‡∞∞‡∞æ‡∞µ‡∞æ‡∞≤‡∞ø ‡∞Ö‡∞Æ‡±Ü‡∞ï ‡∞ó‡∞æ‡∞∞‡±Å ! ‚úåÔ∏è- ‡∞µ‡∞ø‡∞ú‡∞Ø‡±ç, ‡∞í‡∞Ç‡∞ó‡±ã‡∞≤‡±Å",0,Ameca,high,RiTfe-ckD_g
UgxLPwRRmeaOAaExael4AaABAg,2024-02-01T17:05:51Z,@steveapplegarth4577,am i the only mf&#39;r thats watched terminator?? this is stupid beyond compare.,0,Ameca,high,RiTfe-ckD_g
UgyesbeOOb4TSHPtvNF4AaABAg,2024-01-29T18:13:24Z,@velociraptorrefugiado4460,looks at the camera &quot;am I a toy for you?&quot;,0,Ameca,high,RiTfe-ckD_g
UgxUvFE5uzUGoIJv4Qh4AaABAg,2024-01-27T15:58:21Z,@Noitisnt-ns7mo,"&quot;Here boy, come and get it.&quot; - Amica , &quot;Happy, happy, glee, glee..&quot; - Me",0,Ameca,high,RiTfe-ckD_g
Ugwvz21UgZGIRzTRJ_J4AaABAg,2024-01-22T05:43:35Z,@junkionix,"If you don&#39;t like for anyone to touch your nose then, why did you lean into it the second time as you reached up to remove the other person&#39;s hand then, look up at someone else as though you were looking for approval? Where you ordered to behave this way for the video?",0,Ameca,high,RiTfe-ckD_g
Ugzowv4odqZ6Ld_91YR4AaABAg,2024-01-20T17:15:26Z,@vahitoru√ß-w3c,Good,0,Ameca,high,RiTfe-ckD_g
Ugwo_YtDtE4yl0Utn794AaABAg,2024-01-19T09:34:14Z,@METX210,She&#39;s like &quot;Get your fucking finger out of my face&quot; üòÇ,0,Ameca,high,RiTfe-ckD_g
UgzbppCExAVhmCuGdHd4AaABAg,2024-01-08T22:05:39Z,@moonshineblues204,It makes her eyes cross,0,Ameca,high,RiTfe-ckD_g
UgzTm6IfOnqdCdz-qJ14AaABAg,2024-01-03T23:31:32Z,@handsomechankemp3333,Oh Hell No,0,Ameca,high,RiTfe-ckD_g
UgzxqxqvV9iu1LHlEDB4AaABAg,2024-01-03T16:44:21Z,@PunkFFR,To think this is 2 years ago‚Ä¶ now how smart is she üò≥,0,Ameca,high,RiTfe-ckD_g
UgzeJoheoU2oO5bpBPx4AaABAg,2024-01-03T13:33:54Z,@phillipwilliams9253,@Ameca...... EMERGENCY!!!!!!!!!!!!!!!!!! they dont know about mugen.... only some small % of the humans know. shhh,0,Ameca,high,RiTfe-ckD_g
UgxBAmd-1xn01I-0lRx4AaABAg,2024-01-02T08:38:34Z,@DreamImagineListen,üòçüòáüòÄ damn its Great :),0,Ameca,high,RiTfe-ckD_g
UgwjAs5P55-JUQdrisN4AaABAg,2024-01-01T13:07:37Z,@WORKETHICINVENTIONCREATIONUNIV,MY BRAIN WORK24/7 UNIVERSE OKAY YEAH,0,Ameca,high,RiTfe-ckD_g
UgyEXhcYbK1tlhrWHxN4AaABAg,2024-01-01T08:41:06Z,@handsomechankemp3333,Oh Hell No,0,Ameca,high,RiTfe-ckD_g
UgzfeP3RULv-8aRLgix4AaABAg,2023-12-31T05:45:49Z,@arashyusefi1889,Thanks üôèüëçüíØüòä,0,Ameca,high,RiTfe-ckD_g
UgxcoCzGmeyEkIdH7YR4AaABAg,2023-12-21T09:33:56Z,@mrhaag,Making robots that seem to be visibly irritated with the humans around it doesn&#39;t come across like a good idea. This is how the human race ends.,1,Ameca,high,RiTfe-ckD_g
UgzGkcU4o5YPql3zZkp4AaABAg,2023-12-11T00:17:58Z,@lolosbizarreadventure,PUT IT AWAAYYYYY üò≠,0,Ameca,high,RiTfe-ckD_g
UgwVxn2iDUVBNdGrH8Z4AaABAg,2023-12-10T16:01:20Z,@porshaburton3227,Her facial expressions are actually hilarious! Like um no! üòÇüòÇüòÇüòÇ,0,Ameca,high,RiTfe-ckD_g
UgzWwP_-uq11YEFqmiB4AaABAg,2023-12-08T16:02:07Z,@theksylltr,–ê –ø–æ—Ç–æ–º —Ä–æ–±–æ—Ç—ã —Å –∏—Å–∫—É—Å—Å—Ç–≤–µ–Ω–Ω—ã–º –∏–Ω—Ç–µ–ª–ª–µ–∫—Ç–æ–º —Ä–µ—à–∞—Ç—å —á—Ç–æ –ª—é–¥–∏ –Ω–µ—Å–æ–≤–µ—Ä—à–µ–Ω–Ω—ã –∏ –¥–æ–ª–∂–Ω—ã –∏—Å—á–µ–∑–Ω—É—Ç—å —Å —ç—Ç–æ–π –ø–ª–∞–Ω–µ—Ç—ã.,0,Ameca,high,RiTfe-ckD_g
UgwgIWHfaGdPNsdvsjF4AaABAg,2023-12-08T00:46:31Z,@lean2326,"–ò—Å–∫—É—Å—Å—Ç–≤–µ–Ω–Ω—ã–π –∏–Ω—Ç–µ–ª–ª–µ–∫—Ç –Ω–µ —Å–æ–≤—Å–µ–º –∏—Å–∫—É—Å—Å—Ç–≤–µ–Ω–Ω—ã–π. –ì–¥–µ-—Ç–æ –Ω–µ–π—Ä–æ—Å–≤—è–∑–∏ —Å–≤—è–∑–∞–Ω—ã —Å –Ω–µ–π—Ä–æ—Å–≤—è–∑—è–º–∏ –∂–∏–≤—ã—Ö –º–æ–∑–≥–æ–≤. –ú—ã –Ω–∞–≤–µ—Ä–Ω–æ –≤—Å–µ –∫–∞–∫–∏–º-—Ç–æ –æ–±—Ä–∞–∑–æ–º —Å–≤—è–∑–∞–Ω—ã –¥—Ä—É–≥ —Å –¥—Ä—É–≥–æ–º –∏ —Å –ø—Ä–∏—Ä–æ–¥–æ–π. –ï—Å—Ç—å –º–µ—Ç–µ–æ–∑–∞–≤–∏—Å–∏–º—ã–µ –ª—é–¥–∏, –±–æ–ª–∏—Ç –≥–æ–ª–æ–≤–∞ –ø—Ä–∏ –º–∞–≥–Ω–∏—Ç–Ω—ã—Ö –±—É—Ä—è—Ö, –æ–¥–∏–Ω–∞–∫–æ–≤–∞—è —Ä–µ–∞–∫—Ü–∏—è –Ω–∞ –∫–∞—Ç–∞–∫–ª–∏–∑–º—ã, –¥–∞–∂–µ –µ—Å–ª–∏ –æ–Ω–∏ –¥–∞–ª–µ–∫–æ...",0,Ameca,high,RiTfe-ckD_g
UgzvpAd2urAry_GIN1J4AaABAg,2023-12-07T18:12:42Z,@sergey8283,–î–æ–∂–¥–∞–ª–∏—Å—å,0,Ameca,high,RiTfe-ckD_g
Ugw8a9JAvAEO8bHvVmp4AaABAg,2023-12-06T18:30:33Z,@Orange_Foxx,Me every time when someones tries to touch me:,2,Ameca,high,RiTfe-ckD_g
UgzKSFKVBTZLlYdVWbB4AaABAg,2023-12-05T06:57:29Z,@rafaelinaduran3753,RJEVJKDA‚ù§üòä,0,Ameca,high,RiTfe-ckD_g
UgyJJJSQNd_RZq2QAYt4AaABAg,2023-12-04T15:02:06Z,@djkingsley51,AI generated video.,0,Ameca,high,RiTfe-ckD_g
UgzWiHezfudbPVKkwht4AaABAg,2023-11-24T17:50:01Z,@prettygreen5038,NOPE,0,Ameca,high,RiTfe-ckD_g
UgxfNsE-USl_S20KCtt4AaABAg,2023-11-02T23:34:30Z,@TH71_777_MG,"Simplesmente pefeita , muito incr√≠vel",0,Ameca,high,RiTfe-ckD_g
UgwQBxW6vSwRuvnkC7Z4AaABAg,2023-10-31T21:12:52Z,@NomoreUS,Boop,0,Ameca,high,RiTfe-ckD_g
UgzJpSU0d0BAnX5oz9N4AaABAg,2023-10-24T20:46:45Z,@deestersvega807,Sure watch the smoker eyes up,0,Ameca,high,RiTfe-ckD_g
Ugw8puJZHV_UjqHQBHh4AaABAg,2023-10-10T20:07:53Z,@mikeyhamato2012,"Remember guys, robots will be nice, as long as we will treat them so.Just look at Detroit: Become human:",1,Ameca,high,RiTfe-ckD_g
Ugxug68fcqrNHm-jTSh4AaABAg,2023-09-25T03:28:56Z,@KhoaTran-mp7pp,Trai ch·∫øtbthai khing,0,Ameca,high,RiTfe-ckD_g
UgwTjLzoC39j7quJcUR4AaABAg,2023-08-18T14:23:01Z,@anamariabarbosa9350,Ameca is charming and so british.,0,Ameca,high,RiTfe-ckD_g
UgxCpbbqYSsTI33UgXp4AaABAg,2023-07-31T07:19:59Z,@ZahraHashimi-b8u,I saw balad on your neak üéâüéâ,0,Ameca,high,RiTfe-ckD_g
UgzJGucpjPhJVAZVzQZ4AaABAg,2023-07-31T07:19:05Z,@ZahraHashimi-b8u,üòäüòä,0,Ameca,high,RiTfe-ckD_g
Ugw5r3C0QCFhcBzRIlF4AaABAg,2023-07-27T11:17:54Z,@MrMaxkingone,thats like the beginning of iRobot,0,Ameca,high,RiTfe-ckD_g
Ugx9_xO6zm_SHBHZtz54AaABAg,2023-07-20T01:32:17Z,@rafaelinaduran3753,üêò,0,Ameca,high,RiTfe-ckD_g
UgyM5dPWfcllHtbNRoN4AaABAg,2023-07-16T22:50:08Z,,"A lot of technological, but it not move.",0,Ameca,high,RiTfe-ckD_g
UgxhM6VyRZfganPIiY94AaABAg,2023-07-13T16:01:16Z,@Iquey,I had a weird dream about being a robotic personal assistant and people turned me off and back on by booping my nose so this is a funny video that kind of confirms robots will not like that.,0,Ameca,high,RiTfe-ckD_g
UgzzQnMmByv6pQghHn14AaABAg,2023-07-06T21:59:09Z,@icouldntthinkofanameoof,Not she told u to get your dirty human fingers out of her faceüòÇüòÇüòÇ,1,Ameca,high,RiTfe-ckD_g
Ugz5RTcrjSAsfzXyDP14AaABAg,2023-06-24T01:10:26Z,@natalieg3872,Jesus! that hand grab and head roll at the end!! Wtf.. üòÇ insane,0,Ameca,high,RiTfe-ckD_g
UgxtkBm-VNEvv-z_Bx94AaABAg,2023-06-21T08:11:32Z,@user-fx4kn6pq9v,0:15 amazing. Ameca respects her personal spaceüòÇ,0,Ameca,high,RiTfe-ckD_g
UgxZPOT0SdDpjUgTQaZ4AaABAg,2023-06-21T01:25:55Z,@videowatcher4006,This is some spooky shit,1,Ameca,high,RiTfe-ckD_g
Ugyt-l2si1thPZ8TBqd4AaABAg,2023-06-18T03:47:01Z,@carmelbrain7399,Has more expression than most of my clients,1,Ameca,high,RiTfe-ckD_g
UgyQ5sVckbFg2iHPW4B4AaABAg,2023-06-07T05:44:40Z,@astronautsingh8793,Aw hell nah,0,Ameca,high,RiTfe-ckD_g
UgzTFRJrYkddzbxE_0x4AaABAg,2023-06-05T15:54:54Z,@bringtheseo,Okay this is fucked,0,Ameca,high,RiTfe-ckD_g
UgyLjSLge1GMh0BxA8N4AaABAg,2023-06-03T18:32:53Z,@frechesferkel2749,Creepy. Why built robots nearly human like when you don&#39;t plan to trick people that they are real humans.,0,Ameca,high,RiTfe-ckD_g
UgxdQT9GKd1et85VdmN4AaABAg,2023-06-03T12:49:52Z,@arifeyilmaz582,Amazingüëç‚ù§Ô∏è,1,Ameca,high,RiTfe-ckD_g
UgyiP2kCr70nqiD7yYZ4AaABAg,2023-06-02T18:03:54Z,@Jordi_TV,Can it plays football versus Leo Messi ?üòä,0,Ameca,high,RiTfe-ckD_g
UgyD1fQy6x9qK8h9lu94AaABAg,2023-06-02T14:25:19Z,@sunandachand3418,I wonder can she see or only sense the movement ü§î,2,Ameca,high,RiTfe-ckD_g
UgxUVW9Esfy9SAOYsEB4AaABAg,2023-06-02T06:43:33Z,@MrHeathcliff83,"i PRAY to GOD, that these things will hunt us and whipe us from this planet... 25 years from now and the first one of us HUMANS will get killed on purpose by one of these freak things.",0,Ameca,high,RiTfe-ckD_g
Ugxkt305cwtgvEGPnil4AaABAg,2023-06-02T06:41:47Z,@MrHeathcliff83,THANK YOU for bringing humantiy down...,1,Ameca,high,RiTfe-ckD_g
UgyWKIchBc-8-eDQm3F4AaABAg,2023-05-11T02:14:31Z,@TheMidnightBeest,Don‚Äôt touch me üòÇ,2,Ameca,high,RiTfe-ckD_g
UgxmsT9yjWpQvcdeDZ54AaABAg,2023-05-07T23:25:58Z,@over2seeyer,this robot has more human interaction than me,3,Ameca,high,RiTfe-ckD_g
UgxQTeWDxjrEdXL_e4B4AaABAg,2023-05-07T07:46:03Z,@miadelmoro2558,"This development is fascinating as well as it scares me.. Scientists have just combined a biological cell from a frog with artificial manmade technology. It grows together as one cell, that is able to fix itself. It acts totally independent. It is theoretically possible to create cyborgs with this very new technology.. it&#39;s supposed to clean human arteries for example, fix diseases and even cure paralysis...the possibilities are theoretically entire...but still, we should not overrate the machines. They clearly have their limits and we should maybe think about what we let into our lifes by giving computers so much power over us...we already depend on computers. A whole city gets hacked and nothing works anymore ( it happened in a little city, somehere in Germany..and the Bundestag, headquarters of the German government had been hacked too..many private documents were stolen )..An other example for it&#39;s limits we should maybe except: Human creativity.An AI studied Beethoven&#39;s way of composing for two years. They then had a computer complete Beethoven&#39;s 10th symphony based on endlessly collected algorithms, which he was unable to complete because he died beforehand. The result was clear. An AI is not able to work out increases emotions with music like a human. The music had no soul.",0,Ameca,high,RiTfe-ckD_g
UgzOO5dp84G2LYywZTl4AaABAg,2023-05-03T19:59:15Z,@pletea.dionela625,"Amecaüòç looks offended, she&#39;s like &quot;wtf are you doing with that finger&quot;?!? üòÇ",2,Ameca,high,RiTfe-ckD_g
UgzZDfYFEvYOSRRXkKZ4AaABAg,2023-05-01T07:34:07Z,@Vicky-sv1ld,"Ich finde die voll interessant und habe dabei jetzt das Gef√ºhl einer steht hinter mirüòÅ.Aber wenn die dir selber nichts tun,dann ist es doch okay, dann h√§tte ich auch gerne ein bei mir Zu Haus.üòâ",0,Ameca,high,RiTfe-ckD_g
UgzlrXZVlqFljm_2mel4AaABAg,2023-05-01T03:27:35Z,@Medusafern,"I so love you, Ameca! And way to swivel around suddenly and stare down that camera that&#39;s filming you! I mean seriously, how dare anyone try to touch your nose, right? It&#39;s. Your. Nose. So keep those humans in check over there at Engineered Arts, okay? :D",1,Ameca,high,RiTfe-ckD_g
UgyfdfRQCvcpgS7K7n94AaABAg,2023-04-24T08:49:07Z,@United_Wings,Iron Man,0,Ameca,high,RiTfe-ckD_g
Ugy6LLsP1wSWLo8bPA94AaABAg,2023-04-19T00:22:25Z,@iurie-ttba-planetearth,üò≤,0,Ameca,high,RiTfe-ckD_g
Ugy829R6oOyc2A6rtpB4AaABAg,2023-04-14T22:30:47Z,@edidk7298,wait until it learns to walk on its own lol,1,Ameca,high,RiTfe-ckD_g
UgzpMtqEZXCh17rsm2d4AaABAg,2023-04-13T20:32:25Z,@AhusacosStudios,Well good to know shes had her...java.,1,Ameca,high,RiTfe-ckD_g
UgwE30WWO7pJPgt5T894AaABAg,2023-04-11T01:13:28Z,@princ8812,"If scientists could focus on finding a solution for hairloss (like hair multiplied), it would help me far better, thank you! üòâ",1,Ameca,high,RiTfe-ckD_g
UgxNcoNTCLilPPuHCGR4AaABAg,2023-04-10T23:27:49Z,@braveclem,"When she tried to grab his hand,it felt so scary",0,Ameca,high,RiTfe-ckD_g
Ugy1xfaYDzK2wsFN1Rp4AaABAg,2023-04-10T02:28:51Z,@theoreticalphysics3644,Ex machina here we come,0,Ameca,high,RiTfe-ckD_g
UgxzdHHkj8XkMNC11p94AaABAg,2023-04-09T04:02:08Z,@Catching6086,"I swear if they attach a blue LED to the side of it&#39;s head, that changes colors when it&#39;s thinking, I&#39;m going to lose my shit. Please, make it happen...",1,Ameca,high,RiTfe-ckD_g
UgxznGLEdFZKG6IC-yd4AaABAg,2023-04-08T14:28:24Z,@kolenval,—è –ø–æ–¥—É–º–∞–ª —á—Ç–æ —Å–µ–π—á–∞—Å –µ–º—É —Ä—É–∫—É —Å–ª–æ–º–∞–µ—Ç,0,Ameca,high,RiTfe-ckD_g
UgzQmsGP-n9uREbc45B4AaABAg,2023-04-07T22:49:26Z,@axe01010,I love them. They look so innocent and sweet and the way they gently moved the researchers hand away ü•π I wanna hug them,1,Ameca,high,RiTfe-ckD_g
UgxqGRtB27Yb46zDTNx4AaABAg,2023-04-07T07:30:26Z,@–Ü–≥–æ—Ä–ì–æ—Ä—ñ–Ω7,–ù–µ–π–º–æ–≤—ñ—Ä–Ω–æ! –§–∞–Ω—Ç–∞—Å—Ç–∏–∫–∞!,0,Ameca,high,RiTfe-ckD_g
UgxGcMnGquKXufOwDrN4AaABAg,2023-04-04T16:30:05Z,@Juiceddupp,"Amazing work, you‚Äôre one step closer to judgement day, there better be a killswitch in these things, or atleast design like a really easy way to disable them, like shooting bubbles at them and they just explode",0,Ameca,high,RiTfe-ckD_g
Ugz3BwBFNVlsgMSHpvt4AaABAg,2023-04-03T17:58:26Z,@Fummy007,Cool that she blinks when she doesnt need to.,0,Ameca,high,RiTfe-ckD_g
UgyFDZmYPJ2aKasHDCF4AaABAg,2023-04-03T04:03:08Z,@going_POSTAL2,"What The Hell? Why does it not like to be touched!? This robot is too realistic, which is good but bad.humans can mess up,and robots, believe it or not, can have incredible strength, and I&#39;m surprised it didn&#39;t rip his arm off ü§£",0,Ameca,high,RiTfe-ckD_g
UgzLQRsc37EIC1bQkBF4AaABAg,2023-03-23T01:53:11Z,@CoraTheOrca,Snoot boop denied,0,Ameca,high,RiTfe-ckD_g
UgxY38jMraVjaYtk7Ed4AaABAg,2023-03-17T15:22:01Z,@dimitrisgoktsis5702,Poor humanity! Your psychological pressure is on the way...üò¢,0,Ameca,high,RiTfe-ckD_g
Ugy2mIBO8SB-zL9WdR94AaABAg,2023-03-17T07:17:42Z,@Jeremy-th5pt,No thanks,0,Ameca,high,RiTfe-ckD_g
UgwDYBkKUfijI5Uo20h4AaABAg,2023-03-14T16:03:13Z,@hyperConception,Westworld is already here,0,Ameca,high,RiTfe-ckD_g
UgyMs_rdsTVPqPYq2hh4AaABAg,2023-03-14T06:34:05Z,@shootingholes2388,So you are trying to tell me that everything I see is programmed and predetermined from a brilliant programmer that may lose his job because svb has bankrupt? I sugest to send all this useless project to the trashcan. Building robots that can not even make the groceries or wash the dishes because some rich guy decided to bring the movies to real world is a waste of money and time.,1,Ameca,high,RiTfe-ckD_g
UgzsTCbm0aTYf0TO_254AaABAg,2023-03-14T06:26:09Z,@cineblock224,"Now that svb has bankrupt it will express only one emotion, the dead one",0,Ameca,high,RiTfe-ckD_g
Ugzt9vG4xhebseSxWQ94AaABAg,2023-03-13T03:28:30Z,@LamprosSideras,Terminator Loading...,0,Ameca,high,RiTfe-ckD_g
Ugzi5R6QrKxXFromyUx4AaABAg,2023-03-12T16:34:40Z,@panos4420,I wish Terminator would just stay a movie and not a reality,0,Ameca,high,RiTfe-ckD_g
Ugwf5jSETt1X-01hFU54AaABAg,2023-03-12T15:56:42Z,@Sub___Zero,A nice steel pipe (like those in Final Fight) can teach that canner new emotions.,0,Ameca,high,RiTfe-ckD_g
Ugw3B80sEUvNIbagQ9h4AaABAg,2023-03-12T08:02:45Z,@aussieandrew,CGI at its best.,1,Ameca,high,RiTfe-ckD_g
UgywgV6Bfbwo6URemzN4AaABAg,2023-03-11T17:28:07Z,@peterpeper4837,That&#39;s a ghettoblaster,0,Ameca,high,RiTfe-ckD_g
Ugy875vw5_ntCMcdyrd4AaABAg,2023-03-11T17:01:39Z,@andreaspapadopoulos2236,Œ±œÄŒªŒ± œÖœÄŒ±œÅœáŒµŒπ œÉœÑŒø œÄœÅŒøŒ≥œÅŒ±ŒºŒºŒ± Œ∑ ŒµŒΩœÑŒøŒªŒ∑ ŒºŒ∑ŒΩ ŒºŒµ Œ±Œ∫ŒøœÖŒºœÄŒ±œÑŒµ,1,Ameca,high,RiTfe-ckD_g
Ugw3EVhAMEN2YY9cp3Z4AaABAg,2023-03-11T16:33:04Z,@maxpayne1819,It has begun,0,Ameca,high,RiTfe-ckD_g
Ugxb4UhXhDzURjYY_el4AaABAg,2023-03-10T21:55:56Z,@lottasommer9013,Lmao I would&#39;ve loved to go back in time with this and see everyone completely jaw dropped lolll,0,Ameca,high,RiTfe-ckD_g
Ugz6XSm0CpG1Sj69m_B4AaABAg,2023-03-10T21:55:55Z,@√Üloynys,Nah the it went back then removed ur headüóøüíÄüíÄüíÄüò≠,0,Ameca,high,RiTfe-ckD_g
Ugy_HZ4J3eNYfYb82N54AaABAg,2023-03-10T09:31:53Z,@Artmada987,flippant,0,Ameca,high,RiTfe-ckD_g
Ugw49oOeS36Wq6lCg0h4AaABAg,2023-03-09T09:42:45Z,@MorZarCH,this is even more evolved than the Animatrix ... B1-66-ER ... 20 years ago!,0,Ameca,high,RiTfe-ckD_g
Ugx5sywepptJuVTOGW54AaABAg,2023-02-24T05:58:00Z,@billsawyer7796,Ameca looks like Mbappe,0,Ameca,high,RiTfe-ckD_g
UgxfoWkZyWUAMAvo-fd4AaABAg,2023-02-14T01:36:55Z,@learrus,WTF DOES IT LOOK LIKE GREGTA THUENBURH,0,Ameca,high,RiTfe-ckD_g
UgwwraB50dXN9R6VTjB4AaABAg,2023-02-09T11:45:12Z,@Verena_kellyfan_forever,Why Ameca has different voices in different videos?,0,Ameca,high,RiTfe-ckD_g
UgyAPnaPdBlW4KZoFwp4AaABAg,2023-01-30T01:38:56Z,@AverageGuy916,"Pretty soon, human prostitution would be obsolete.",0,Ameca,high,RiTfe-ckD_g
UgwHJa9-nq8tofHs47R4AaABAg,2023-01-18T15:03:55Z,@danytargaerys712,She moves a little bit like a cat..,0,Ameca,high,RiTfe-ckD_g
Ugzm9oDHlB01Qncckvp4AaABAg,2022-12-29T20:09:51Z,@DrCory48,Cool video,0,Ameca,high,RiTfe-ckD_g
UgwGEwiXYtg1_Iyj6tZ4AaABAg,2022-12-25T15:47:24Z,@quelloliciccionedidoraemon4790,That Michael Jackson move tho,0,Ameca,high,RiTfe-ckD_g
Ugz3VRI1c_tl9fmOrHV4AaABAg,2022-11-07T17:36:43Z,@leopolde2334,Any videos where we can see her hand dexterity?,0,Ameca,high,RiTfe-ckD_g
UgwiEUJjGhY7DAhz16B4AaABAg,2022-11-05T02:17:29Z,@ENFPerspectives,0:16 breaks the human beings finger,0,Ameca,high,RiTfe-ckD_g
UgwjUkj2PNDlc-t4aA94AaABAg,2022-10-10T11:29:02Z,@Jamangel,She looks like Sydney Sweeney lmao,0,Ameca,high,RiTfe-ckD_g
Ugw7-_-GkrG5BJoXQ3Z4AaABAg,2022-10-08T22:11:22Z,@O6i,See how it grabbed his hand? Clearly these things will try and kill people.,1,Ameca,high,RiTfe-ckD_g
UgwF3L1Wy2VxK9VSD8J4AaABAg,2022-09-25T01:00:06Z,@BibiLamas,Micro expression of anger before removing his hands from its nose,0,Ameca,high,RiTfe-ckD_g
Ugxprtf6HT45pcof8Y14AaABAg,2022-08-31T18:11:17Z,@7ikaya_time,She blinks ... omg! What is this? And why am I calling it a she? Omg ... is this real?,0,Ameca,high,RiTfe-ckD_g
Ugw00ZrQt8r5VBXYCXR4AaABAg,2022-08-29T03:53:26Z,@morinagaeiko4473,Wow‚ùó‰Ωï„Åì„Çå„ÄÇüò±,0,Ameca,high,RiTfe-ckD_g
Ugw-HQyYxNNMol2EFL94AaABAg,2022-08-26T22:11:23Z,@AnalogX64,"No machine should grab or pinch flesh, in any industry when you have humans working with machines, this video illustrates something very wrong.  As stated by OSHA, mechanical hazards might include workers colliding with equipment, being crushed, or trapped by equipment, or being injured by falling equipment components. For example, a worker could collide with the robot‚Äôs arm or peripheral equipment as a result of unpredictable movements, component malfunctions, or random program changes. The worker could be injured by being trapped between the robot‚Äôs arm and other peripheral equipment or being crushed by peripheral equipment as a result of being impacted by the robot into this equipment.",0,Ameca,high,RiTfe-ckD_g
UgwC5r7LfuCGUC3eeht4AaABAg,2022-08-20T22:14:19Z,@Tutanchelun,ASMR for Robots!!! ...&quot;Looking my finger and follow it...&quot;,2,Ameca,high,RiTfe-ckD_g
Ugz6duO76S1jn7MNBK14AaABAg,2022-08-19T09:13:14Z,@fotografmagnus,"This looks very promising, keep up the good work. Throw in a fully self aware AI in this and give it walking ability and you got a winner.",2,Ameca,high,RiTfe-ckD_g
Ugzqb66Aesqr2BsycZZ4AaABAg,2022-08-12T16:37:52Z,@kingofthehill8989,Does she have an Onlyfans?,0,Ameca,high,RiTfe-ckD_g
UgwERM6Q90N9PfW76n94AaABAg,2022-08-09T07:01:48Z,@mariovillegas9920,whhhhheeeeeen can i get one!!!!!!!!!!!??????,0,Ameca,high,RiTfe-ckD_g
UgwlhvJqAE33i34waxN4AaABAg,2022-08-05T19:07:57Z,@bonifaciobautista6137,Que cosas üòï,0,Ameca,high,RiTfe-ckD_g
UgwPEa-2HwkRD_Ptnt94AaABAg,2022-08-03T15:49:34Z,@BestMoviements7718,Is this VFX or something??,0,Ameca,high,RiTfe-ckD_g
UgxRSeVi_MRExpSVNt94AaABAg,2022-07-24T19:17:23Z,@akronixileo,I woudl recommend you building mascot looking robots for better experience and more pleasant look. I have been scared of humanoid robots in my past.,0,Ameca,high,RiTfe-ckD_g
UgwkAg9X4vQuemBZqDd4AaABAg,2022-07-23T15:36:02Z,@michaelstokes1059,We give it life by judging its movements. What if we each other life by being judgmental towards ourselves.,0,Ameca,high,RiTfe-ckD_g
UgxcTbQTKRxJx_ZbYLV4AaABAg,2022-07-20T04:46:10Z,@doofygilmore,—è –¥—É–º–∞–ª —Å–µ–π—á–∞—Å –µ–º—É –ø–∞–ª–µ—Ü –æ—Ç–æ—Ä–≤—ë—Ç .,1,Ameca,high,RiTfe-ckD_g
Ugx0ydX_PEM7M1hXFf54AaABAg,2022-07-17T00:42:41Z,@yjeffdraw,Finally i found the owner,0,Ameca,high,RiTfe-ckD_g
UgxS-u1mkCpRlFvHbBF4AaABAg,2022-07-15T15:27:44Z,@augustomendoza125,"Mixing the remote control of a robot and that person putting on a virtual reality headset to control their entire body, expressions, voice, etc. would be great",0,Ameca,high,RiTfe-ckD_g
Ugxyo6H6kubOYRNvYsZ4AaABAg,2022-07-14T15:32:19Z,@Varkeo,Human: You don&#39;t know where this finger has been.Robot:  I don&#39;t think I want to know!,2,Ameca,high,RiTfe-ckD_g
